年度,日期,活動名稱,報到表,email網域,歸屬公司,正取,候補,請假,報到
2026,2026-09-04,《按下關機鍵：退出磁碟的休眠課》,無,@ua,聯廣,3,0,3,0
2026,2026-09-04,《按下關機鍵：退出磁碟的休眠課》,無,@unisurf,聯樂,3,0,0,0
2026,2026-09-04,《按下關機鍵：退出磁碟的休眠課》,無,@2008-media,2008傳媒,2,0,0,0
2026,2026-09-04,《按下關機鍵：退出磁碟的休眠課》,無,@pilotpr,先勢集團,2,0,0,0
2026,2026-09-04,《按下關機鍵：退出磁碟的休眠課》,無,@planetpr,先勢集團,2,0,0,0
2026,2026-09-04,《按下關機鍵：退出磁碟的休眠課》,無,@unismart,聯眾,1,0,1,0
2026,2026-09-04,《按下關機鍵：退出磁碟的休眠課》,無,@grandpr,先勢集團,0,0,1,0
2026,2026-09-04,《按下關機鍵：退出磁碟的休眠課》,無,@hakuhodo,台北博報堂 HTM,1,0,0,0
2026,2026-09-04,《按下關機鍵：退出磁碟的休眠課》,無,@prestigepr,先勢集團,0,0,1,0
2026,2026-08-27,《替身體乾一杯！ 滋養自己的香料野草茶》,無,@hakuhodo,台北博報堂 HTM,9,4,0,0
2026,2026-08-27,《替身體乾一杯！ 滋養自己的香料野草茶》,無,@ua,聯廣,4,0,4,0
2026,2026-08-27,《替身體乾一杯！ 滋養自己的香料野草茶》,無,@dvibemedia,迪維,2,0,0,0
2026,2026-08-27,《替身體乾一杯！ 滋養自己的香料野草茶》,無,@unismart,聯眾,2,0,0,0
2026,2026-08-27,《替身體乾一杯！ 滋養自己的香料野草茶》,無,@2008-media,2008傳媒,1,0,0,0
2026,2026-08-27,《替身體乾一杯！ 滋養自己的香料野草茶》,無,@planetpr,先勢集團,0,0,1,0
2026,2026-08-27,《替身體乾一杯！ 滋養自己的香料野草茶》,無,@unistyle,聯太,1,0,0,0
2026,2026-08-27,《替身體乾一杯！ 滋養自己的香料野草茶》,無,@unisurf,聯樂,1,0,0,0
2026,2026-08-21,《替身體乾一杯！ 滋養自己的香料野草茶》,無,@hakuhodo,台北博報堂 HTM,0,0,12,0
2026,2026-08-21,《替身體乾一杯！ 滋養自己的香料野草茶》,無,@planetpr,先勢集團,2,0,1,0
2026,2026-08-21,《替身體乾一杯！ 滋養自己的香料野草茶》,無,@ua,聯廣,1,0,1,0
2026,2026-08-21,《替身體乾一杯！ 滋養自己的香料野草茶》,無,@unismart,聯眾,1,0,1,0
2026,2026-08-21,《替身體乾一杯！ 滋養自己的香料野草茶》,無,@unistyle,聯太,0,0,1,0
2026,2026-07-31,《聲波共振！開出你專屬的魔法結界》,有,@ua,聯廣,10,0,4,6
2026,2026-07-31,《聲波共振！開出你專屬的魔法結界》,有,@2008-media,2008傳媒,3,0,0,3
2026,2026-07-31,《聲波共振！開出你專屬的魔法結界》,有,@hakuhodo,台北博報堂 HTM,2,0,0,2
2026,2026-07-31,《聲波共振！開出你專屬的魔法結界》,有,@pilotpr,先勢集團,1,0,1,1
2026,2026-07-31,《聲波共振！開出你專屬的魔法結界》,有,@grandpr,先勢集團,0,0,1,0
2026,2026-07-31,《聲波共振！開出你專屬的魔法結界》,有,@prestigepr,先勢集團,0,0,1,0
2026,2026-07-31,《就是你了！來養顆苔球小精靈吧》,有,@ua,聯廣,4,3,1,4
2026,2026-07-31,《就是你了！來養顆苔球小精靈吧》,有,@unisurf,聯樂,3,0,1,3
2026,2026-07-31,《就是你了！來養顆苔球小精靈吧》,有,@hakuhodo,台北博報堂 HTM,3,1,0,2
2026,2026-07-31,《就是你了！來養顆苔球小精靈吧》,有,@unismart,聯眾,2,0,0,2
2026,2026-07-31,《就是你了！來養顆苔球小精靈吧》,有,@pilotpr,先勢集團,0,0,1,0
2026,2026-07-30,《就是你了！來養顆苔球小精靈吧》 加場！,有,@ua,聯廣,4,0,0,4
2026,2026-07-30,《就是你了！來養顆苔球小精靈吧》 加場！,有,@hakuhodo,台北博報堂 HTM,2,0,0,2
2026,2026-07-30,《就是你了！來養顆苔球小精靈吧》 加場！,有,@ace-taipei,艾斯,0,0,1,0
2026,2026-07-17,《就是你了！來養顆苔球小精靈吧》,有,@hakuhodo,台北博報堂 HTM,7,3,0,7
2026,2026-07-17,《就是你了！來養顆苔球小精靈吧》,有,@ua,聯廣,5,2,0,5
2026,2026-07-17,《就是你了！來養顆苔球小精靈吧》,有,@unisurf,聯樂,0,5,0,0
2026,2026-07-17,《就是你了！來養顆苔球小精靈吧》,有,@pilotpr,先勢集團,3,1,0,2
2026,2026-07-17,《就是你了！來養顆苔球小精靈吧》,有,@ace-taipei,艾斯,1,1,0,1
2026,2026-07-17,《就是你了！來養顆苔球小精靈吧》,有,@charismomo,先勢集團,0,1,0,1
2026,2026-07-17,《就是你了！來養顆苔球小精靈吧》,有,@dvibemedia,迪維,1,0,0,1
2026,2026-07-17,《就是你了！來養顆苔球小精靈吧》,有,@grandpr,先勢集團,1,0,0,1
2026,2026-07-17,《就是你了！來養顆苔球小精靈吧》,有,@planetpr,先勢集團,1,0,0,1
2026,2026-07-17,《就是你了！來養顆苔球小精靈吧》,有,@unistyle,聯太,1,0,0,1
2026,2026-05-22,啟動身體原廠設定！｜翻開吳清忠的自癒寶典,有,@ace-taipei,艾斯,1,0,0,1
2026,2026-05-22,啟動身體原廠設定！｜翻開吳清忠的自癒寶典,有,@hakuhodo,台北博報堂 HTM,1,0,0,1
2026,2026-04-17,漫步在樹梢｜一場離地向上的自由練習,有,@ua,聯廣,4,4,3,4
2026,2026-04-17,漫步在樹梢｜一場離地向上的自由練習,有,@hakuhodo,台北博報堂 HTM,3,1,0,3
2026,2026-04-17,漫步在樹梢｜一場離地向上的自由練習,有,@grandpr,先勢集團,2,1,1,2
2026,2026-04-17,漫步在樹梢｜一場離地向上的自由練習,有,@unismart,聯眾,2,0,2,2
2026,2026-04-17,漫步在樹梢｜一場離地向上的自由練習,有,@ace-taipei,艾斯,1,0,0,1
2026,2026-04-17,漫步在樹梢｜一場離地向上的自由練習,有,@dvibemedia,迪維,1,0,0,1
2026,2026-04-17,漫步在樹梢｜一場離地向上的自由練習,有,@pilotpr,先勢集團,0,0,1,0
2026,2026-04-17,漫步在樹梢｜一場離地向上的自由練習,有,@planetpr,先勢集團,0,0,1,0
2026,2026-04-17,漫步在樹梢｜一場離地向上的自由練習,有,@unisurf,聯樂,0,1,0,0
2026,2026-03-27,［加場 ! ］春野・開運・馬上好,有,@ua,聯廣,11,0,1,11
2026,2026-03-27,［加場 ! ］春野・開運・馬上好,有,@hakuhodo,台北博報堂 HTM,7,0,1,7
2026,2026-03-27,［加場 ! ］春野・開運・馬上好,有,@grandpr,先勢集團,5,2,0,5
2026,2026-03-27,［加場 ! ］春野・開運・馬上好,有,@pilotpr,先勢集團,4,0,0,4
2026,2026-03-27,［加場 ! ］春野・開運・馬上好,有,@prestigepr,先勢集團,3,0,1,3
2026,2026-03-27,［加場 ! ］春野・開運・馬上好,有,@unismart,聯眾,3,0,1,3
2026,2026-03-27,［加場 ! ］春野・開運・馬上好,有,@planetpr,先勢集團,3,0,0,3
2026,2026-03-27,［加場 ! ］春野・開運・馬上好,有,@unisurf,聯樂,0,0,3,0
2026,2026-03-27,［加場 ! ］春野・開運・馬上好,有,@unisincere,聯勤,2,0,0,2
2026,2026-03-27,［加場 ! ］春野・開運・馬上好,有,@dvibemedia,迪維,1,0,0,1
2026,2026-03-27,［加場 ! ］春野・開運・馬上好,有,@unistyle,聯太,1,0,0,1
2026,2026-03-20,春野・開運・馬上好,有,@ua,聯廣,2,14,2,2
2026,2026-03-20,春野・開運・馬上好,有,@hakuhodo,台北博報堂 HTM,3,9,0,3
2026,2026-03-20,春野・開運・馬上好,有,@unismart,聯眾,0,6,0,0
2026,2026-03-20,春野・開運・馬上好,有,@grandpr,先勢集團,0,4,0,0
2026,2026-03-20,春野・開運・馬上好,有,@prestigepr,先勢集團,0,4,0,0
2026,2026-03-20,春野・開運・馬上好,有,@ace-taipei,艾斯,2,1,0,2
2026,2026-03-20,春野・開運・馬上好,有,@unisurf,聯樂,1,2,0,1
2026,2026-03-20,春野・開運・馬上好,有,@pilotpr,先勢集團,0,3,0,0
2026,2026-03-20,春野・開運・馬上好,有,@unisincere,聯勤,1,1,0,1
2026,2026-03-20,春野・開運・馬上好,有,@planetpr,先勢集團,0,2,0,0
2026,2026-03-20,春野・開運・馬上好,有,@dvibemedia,迪維,0,1,0,0
2026,2026-03-20,春野・開運・馬上好,有,@unistyle,聯太,0,1,0,0
2026,2026-01-16,動態靜心｜用激靜鼓敲開心流,有,@聯眾,聯眾,1,0,4,1
2026,2026-01-16,動態靜心｜用激靜鼓敲開心流,有,@台北博報堂 HTM,台北博報堂 HTM,3,0,1,5
2026,2026-01-16,動態靜心｜用激靜鼓敲開心流,有,@聯廣,聯廣,3,0,0,1
2025,2025-12-26,呼吸清理・找回身體的原廠設定,有,@台北博報堂 HTM,台北博報堂 HTM,5,0,2,5
2025,2025-12-26,呼吸清理・找回身體的原廠設定,有,@聯廣,聯廣,4,0,1,4
2025,2025-12-26,呼吸清理・找回身體的原廠設定,有,@聯眾,聯眾,3,0,0,3
2025,2025-12-26,呼吸清理・找回身體的原廠設定,有,@2008傳媒,2008傳媒,2,0,0,2
2025,2025-12-26,呼吸清理・找回身體的原廠設定,有,@聯勤,聯勤,2,0,0,2
2025,2025-12-19,練息場HR特邀場｜森之聖誕・微醺療癒,有,@台北博報堂 HTM,台北博報堂 HTM,10,0,0,12
2025,2025-12-19,練息場HR特邀場｜森之聖誕・微醺療癒,有,@先勢集團,先勢集團,2,0,0,0
2025,2025-11-21,上午10:00 ｜ RESET！讓內耗退場的動力發光術,有,@聯眾,聯眾,1,0,1,1
2025,2025-11-21,上午10:00 ｜ RESET！讓內耗退場的動力發光術,有,@先勢集團,先勢集團,1,0,0,1
2025,2025-11-21,上午10:00 ｜ RESET！讓內耗退場的動力發光術,有,@聯廣,聯廣,0,0,1,0
2025,2025-11-21,下午14:30 ｜ RESET！讓內耗退場的動力發光術,有,@聯廣,聯廣,3,0,3,2
2025,2025-11-21,下午14:30 ｜ RESET！讓內耗退場的動力發光術,有,@台北博報堂 HTM,台北博報堂 HTM,4,0,0,4
2025,2025-11-21,下午14:30 ｜ RESET！讓內耗退場的動力發光術,有,@聯眾,聯眾,1,0,1,1
2025,2025-11-21,下午14:30 ｜ RESET！讓內耗退場的動力發光術,有,@先勢集團,先勢集團,0,0,2,0
2025,2025-11-21,下午14:30 ｜ RESET！讓內耗退場的動力發光術,有,@聯樂,聯樂,1,0,0,0
2025,2025-11-07,聲音╳書寫・療癒實驗室,有,@聯廣,聯廣,7,0,3,3
2025,2025-11-07,聲音╳書寫・療癒實驗室,有,@先勢集團,先勢集團,4,0,1,4
2025,2025-11-07,聲音╳書寫・療癒實驗室,有,@台北博報堂 HTM,台北博報堂 HTM,2,0,0,5
2025,2025-11-07,聲音╳書寫・療癒實驗室,有,@迪維,迪維,1,0,0,2
2025,2025-11-07,聲音╳書寫・療癒實驗室,有,@聯眾,聯眾,1,0,0,1
2025,2025-10-09,森之旅｜大自然的離線之旅｜秋之象 森林療癒,有,@聯廣,聯廣,4,1,2,3
2025,2025-10-09,森之旅｜大自然的離線之旅｜秋之象 森林療癒,有,@聯眾,聯眾,4,1,0,4
2025,2025-10-09,森之旅｜大自然的離線之旅｜秋之象 森林療癒,有,@先勢集團,先勢集團,1,4,0,0
2025,2025-10-09,森之旅｜大自然的離線之旅｜秋之象 森林療癒,有,@台北博報堂 HTM,台北博報堂 HTM,3,1,0,4
2025,2025-10-03,水之旅｜大自然的離線之旅｜秋之象 森林療癒,有,@先勢集團,先勢集團,3,0,1,3
2025,2025-10-03,水之旅｜大自然的離線之旅｜秋之象 森林療癒,有,@聯廣,聯廣,2,1,0,2
2025,2025-09-05,風土味蕾小宇宙｜夏之象——餐桌上的土地漫遊,有,@先勢集團,先勢集團,2,0,2,2
2025,2025-09-05,風土味蕾小宇宙｜夏之象——餐桌上的土地漫遊,有,@台北博報堂 HTM,台北博報堂 HTM,2,0,0,2
2025,2025-09-05,風土味蕾小宇宙｜夏之象——餐桌上的土地漫遊,有,@聯勤,聯勤,2,0,0,2
2025,2025-09-05,風土味蕾小宇宙｜夏之象——餐桌上的土地漫遊,有,@聯廣,聯廣,2,0,0,2
2025,2025-09-05,風土味蕾小宇宙｜夏之象——餐桌上的土地漫遊,有,@2008傳媒,2008傳媒,0,0,2,0
2025,2025-09-05,風土味蕾小宇宙｜夏之象——餐桌上的土地漫遊,有,@聯樂,聯樂,1,0,0,1
2025,2025-09-05,風土味蕾小宇宙｜夏之象——餐桌上的土地漫遊,有,@聯眾,聯眾,1,0,0,1
2025,2025-09-05,風土味蕾小宇宙｜夏之象——餐桌上的土地漫遊,有,@艾斯,艾斯,1,0,0,1
2025,2025-08-29,風土味蕾小宇宙 ｜夏之象——餐桌上的土地漫遊,有,@先勢集團,先勢集團,4,1,0,4
2025,2025-08-29,風土味蕾小宇宙 ｜夏之象——餐桌上的土地漫遊,有,@聯眾,聯眾,3,0,0,3
2025,2025-08-29,風土味蕾小宇宙 ｜夏之象——餐桌上的土地漫遊,有,@台北博報堂 HTM,台北博報堂 HTM,2,0,0,2
2025,2025-08-29,風土味蕾小宇宙 ｜夏之象——餐桌上的土地漫遊,有,@聯廣,聯廣,2,0,0,1
2025,2025-07-25,喚覺躺躺｜夏日聲波花園,有,@先勢集團,先勢集團,2,0,5,0
2025,2025-07-25,喚覺躺躺｜夏日聲波花園,有,@聯廣,聯廣,2,0,4,0
2025,2025-07-25,喚覺躺躺｜夏日聲波花園,有,@聯眾,聯眾,4,0,1,3
2025,2025-07-25,喚覺躺躺｜夏日聲波花園,有,@台北博報堂 HTM,台北博報堂 HTM,4,0,0,5
2025,2025-07-25,喚覺躺躺｜夏日聲波花園,有,@迪維,迪維,1,0,0,2
2025,2025-07-25,喚覺躺躺｜夏日聲波花園,有,@2008傳媒,2008傳媒,0,0,1,0
2025,2025-07-18,進階情緒關係課｜陳德中的正念生活道場,有,@台北博報堂 HTM,台北博報堂 HTM,3,0,0,3
2025,2025-07-18,進階情緒關係課｜陳德中的正念生活道場,有,@2008傳媒,2008傳媒,2,0,0,2
2025,2025-07-18,進階情緒關係課｜陳德中的正念生活道場,有,@聯廣,聯廣,2,0,0,2
2025,2025-07-18,進階情緒關係課｜陳德中的正念生活道場,有,@聯眾,聯眾,2,0,0,2
2025,2025-07-18,進階情緒關係課｜陳德中的正念生活道場,有,@先勢集團,先勢集團,0,0,2,0
2025,2025-07-18,進階情緒關係課｜陳德中的正念生活道場,有,@迪維,迪維,1,0,0,1
2025,2025-06-27,初階身心必修課｜陳德中的正念生活道場,有,@台北博報堂 HTM,台北博報堂 HTM,4,1,0,5
2025,2025-06-27,初階身心必修課｜陳德中的正念生活道場,有,@聯廣,聯廣,3,0,1,3
2025,2025-06-27,初階身心必修課｜陳德中的正念生活道場,有,@聯眾,聯眾,3,0,0,3
2025,2025-06-27,初階身心必修課｜陳德中的正念生活道場,有,@先勢集團,先勢集團,2,0,0,1
2025,2025-06-27,初階身心必修課｜陳德中的正念生活道場,有,@迪維,迪維,1,0,0,1
2025,2025-06-13,場次二 15:30 土地精靈音樂會｜夏之象,有,@先勢集團,先勢集團,3,0,0,2
2025,2025-06-13,場次二 15:30 土地精靈音樂會｜夏之象,有,@台北博報堂 HTM,台北博報堂 HTM,1,0,0,2
2025,2025-05-02,<加場> 春蛻 暗光 字茶席｜貓空,有,@先勢集團,先勢集團,0,0,4,0
2025,2025-05-02,<加場> 春蛻 暗光 字茶席｜貓空,有,@聯眾,聯眾,1,0,0,1
2025,2025-05-02,<加場> 春蛻 暗光 字茶席｜貓空,有,@聯勤,聯勤,0,0,1,0
2025,2025-05-02,<加場> 春蛻 暗光 字茶席｜貓空,有,@聯廣,聯廣,0,0,1,0
2025,2025-04-25,銅鑼躺躺｜潛入聲波之海,有,@2008傳媒,2008傳媒,6,0,0,6
2025,2025-04-25,銅鑼躺躺｜潛入聲波之海,有,@聯廣,聯廣,2,0,3,1
2025,2025-04-25,銅鑼躺躺｜潛入聲波之海,有,@台北博報堂 HTM,台北博報堂 HTM,2,0,0,2
2025,2025-04-25,銅鑼躺躺｜潛入聲波之海,有,@聯眾,聯眾,1,0,0,1
2025,2025-04-25,銅鑼躺躺｜潛入聲波之海,有,@先勢集團,先勢集團,1,0,0,0
2025,2025-04-25,銅鑼躺躺｜潛入聲波之海,有,@聯樂,聯樂,0,0,1,0
2025,2025-04-25,銅鑼躺躺｜潛入聲波之海,有,@迪維,迪維,0,0,0,1
2025,2025-04-11,春蛻 暗光 字茶席｜貓空,有,@先勢集團,先勢集團,0,7,0,0
2025,2025-04-11,春蛻 暗光 字茶席｜貓空,有,@聯廣,聯廣,5,2,0,0
2025,2025-04-11,春蛻 暗光 字茶席｜貓空,有,@台北博報堂 HTM,台北博報堂 HTM,2,2,0,7
2025,2025-04-11,春蛻 暗光 字茶席｜貓空,有,@聯眾,聯眾,0,3,0,0
2025,2025-04-11,春蛻 暗光 字茶席｜貓空,有,@聯勤,聯勤,0,2,0,0
2025,2025-04-11,春蛻 暗光 字茶席｜貓空,有,@艾斯,艾斯,0,1,0,0
2025,2025-03-28,春蛻 暗光 字茶席｜坪林,有,@先勢集團,先勢集團,2,7,0,2
2025,2025-03-28,春蛻 暗光 字茶席｜坪林,有,@聯眾,聯眾,1,6,0,1
2025,2025-03-28,春蛻 暗光 字茶席｜坪林,有,@聯勤,聯勤,0,3,0,0
2025,2025-03-28,春蛻 暗光 字茶席｜坪林,有,@台北博報堂 HTM,台北博報堂 HTM,1,1,0,2
2025,2025-03-28,春蛻 暗光 字茶席｜坪林,有,@聯樂,聯樂,1,0,0,1
2025,2025-03-28,春蛻 暗光 字茶席｜坪林,有,@艾斯,艾斯,1,0,0,1
2025,2025-03-28,春蛻 暗光 字茶席｜坪林,有,@2008傳媒,2008傳媒,0,0,1,0
2025,2025-03-28,春蛻 暗光 字茶席｜坪林,有,@聯廣,聯廣,1,0,0,0
2025,2025-02-27,用耳朵來場森呼吸｜春之象：採集自然之聲小旅行,有,@先勢集團,先勢集團,0,0,5,0
2025,2025-02-27,用耳朵來場森呼吸｜春之象：採集自然之聲小旅行,有,@聯廣,聯廣,2,0,3,0
2025,2025-02-27,用耳朵來場森呼吸｜春之象：採集自然之聲小旅行,有,@聯眾,聯眾,0,0,2,0
2025,2025-02-27,用耳朵來場森呼吸｜春之象：採集自然之聲小旅行,有,@台北博報堂 HTM,台北博報堂 HTM,0,0,0,2
2025,2025-02-21,用耳朵來場森呼吸｜春之象：採集自然之聲小旅行,有,@先勢集團,先勢集團,4,0,4,4
2025,2025-02-21,用耳朵來場森呼吸｜春之象：採集自然之聲小旅行,有,@聯廣,聯廣,3,0,0,3
2025,2025-02-21,用耳朵來場森呼吸｜春之象：採集自然之聲小旅行,有,@台北博報堂 HTM,台北博報堂 HTM,1,0,0,1
2025,2025-02-21,用耳朵來場森呼吸｜春之象：採集自然之聲小旅行,有,@聯樂,聯樂,1,0,0,1
2025,2025-02-21,用耳朵來場森呼吸｜春之象：採集自然之聲小旅行,有,@聯太,聯太,0,0,1,0
2025,2025-02-21,用耳朵來場森呼吸｜春之象：採集自然之聲小旅行,有,@聯眾,聯眾,0,0,1,0
2025,2025-01-10,薛喬 心理師｜[夢想UP] 新年人生整理術,無,@先勢集團,先勢集團,1,0,1,0
2025,2025-01-10,薛喬 心理師｜[夢想UP] 新年人生整理術,無,@聯廣,聯廣,1,0,0,0
2025,2025-01-10,薛喬 心理師｜[夢想UP] 新年人生整理術,無,@聯眾,聯眾,1,0,0,0
